{
  "AW": {
    "name": {
      "en": "Aruba",
      "fr": "Aruba"
    },
    "continent": "Americas",
    "subregion": "Caribbean",
    "capital": "Oranjestad",
    "capitalCoords": null,
    "center": [
      12.5,
      -69.96666666
    ],
    "flag": "https://flagcdn.com/aw.svg",
    "difficulty": 3
  },
  "AF": {
    "name": {
      "en": "Afghanistan",
      "fr": "Afghanistan"
    },
    "continent": "Asia",
    "subregion": "Southern Asia",
    "capital": "Kabul",
    "capitalCoords": null,
    "center": [
      33,
      65
    ],
    "flag": "https://flagcdn.com/af.svg",
    "difficulty": 2
  },
  "AO": {
    "name": {
      "en": "Angola",
      "fr": "Angola"
    },
    "continent": "Africa",
    "subregion": "Middle Africa",
    "capital": "Luanda",
    "capitalCoords": null,
    "center": [
      -12.5,
      18.5
    ],
    "flag": "https://flagcdn.com/ao.svg",
    "difficulty": 2
  },
  "AI": {
    "name": {
      "en": "Anguilla",
      "fr": "Anguilla"
    },
    "continent": "Americas",
    "subregion": "Caribbean",
    "capital": "The Valley",
    "capitalCoords": null,
    "center": [
      18.25,
      -63.16666666
    ],
    "flag": "https://flagcdn.com/ai.svg",
    "difficulty": 3
  },
  "AX": {
    "name": {
      "en": "Åland Islands",
      "fr": "Ahvenanmaa"
    },
    "continent": "Europe",
    "subregion": "Northern Europe",
    "capital": "Mariehamn",
    "capitalCoords": null,
    "center": [
      60.116667,
      19.9
    ],
    "flag": "https://flagcdn.com/ax.svg",
    "difficulty": 3
  },
  "AL": {
    "name": {
      "en": "Albania",
      "fr": "Albanie"
    },
    "continent": "Europe",
    "subregion": "Southeast Europe",
    "capital": "Tirana",
    "capitalCoords": null,
    "center": [
      41,
      20
    ],
    "flag": "https://flagcdn.com/al.svg",
    "difficulty": 2
  },
  "AD": {
    "name": {
      "en": "Andorra",
      "fr": "Andorre"
    },
    "continent": "Europe",
    "subregion": "Southern Europe",
    "capital": "Andorra la Vella",
    "capitalCoords": null,
    "center": [
      42.5,
      1.5
    ],
    "flag": "https://flagcdn.com/ad.svg",
    "difficulty": 3
  },
  "AE": {
    "name": {
      "en": "United Arab Emirates",
      "fr": "Émirats arabes unis"
    },
    "continent": "Asia",
    "subregion": "Western Asia",
    "capital": "Abu Dhabi",
    "capitalCoords": null,
    "center": [
      24,
      54
    ],
    "flag": "https://flagcdn.com/ae.svg",
    "difficulty": 1
  },
  "AR": {
    "name": {
      "en": "Argentina",
      "fr": "Argentine"
    },
    "continent": "Americas",
    "subregion": "South America",
    "capital": "Buenos Aires",
    "capitalCoords": null,
    "center": [
      -34,
      -64
    ],
    "flag": "https://flagcdn.com/ar.svg",
    "difficulty": 1
  },
  "AM": {
    "name": {
      "en": "Armenia",
      "fr": "Arménie"
    },
    "continent": "Asia",
    "subregion": "Western Asia",
    "capital": "Yerevan",
    "capitalCoords": null,
    "center": [
      40,
      45
    ],
    "flag": "https://flagcdn.com/am.svg",
    "difficulty": 2
  },
  "AS": {
    "name": {
      "en": "American Samoa",
      "fr": "Samoa américaines"
    },
    "continent": "Oceania",
    "subregion": "Polynesia",
    "capital": "Pago Pago",
    "capitalCoords": null,
    "center": [
      -14.33333333,
      -170
    ],
    "flag": "https://flagcdn.com/as.svg",
    "difficulty": 3
  },
  "AG": {
    "name": {
      "en": "Antigua and Barbuda",
      "fr": "Antigua-et-Barbuda"
    },
    "continent": "Americas",
    "subregion": "Caribbean",
    "capital": "Saint John's",
    "capitalCoords": null,
    "center": [
      17.05,
      -61.8
    ],
    "flag": "https://flagcdn.com/ag.svg",
    "difficulty": 3
  },
  "AU": {
    "name": {
      "en": "Australia",
      "fr": "Australie"
    },
    "continent": "Oceania",
    "subregion": "Australia and New Zealand",
    "capital": "Canberra",
    "capitalCoords": null,
    "center": [
      -27,
      133
    ],
    "flag": "https://flagcdn.com/au.svg",
    "difficulty": 1
  },
  "AT": {
    "name": {
      "en": "Austria",
      "fr": "Autriche"
    },
    "continent": "Europe",
    "subregion": "Central Europe",
    "capital": "Vienna",
    "capitalCoords": null,
    "center": [
      47.33333333,
      13.33333333
    ],
    "flag": "https://flagcdn.com/at.svg",
    "difficulty": 1
  },
  "AZ": {
    "name": {
      "en": "Azerbaijan",
      "fr": "Azerbaïdjan"
    },
    "continent": "Asia",
    "subregion": "Western Asia",
    "capital": "Baku",
    "capitalCoords": null,
    "center": [
      40.5,
      47.5
    ],
    "flag": "https://flagcdn.com/az.svg",
    "difficulty": 2
  },
  "BI": {
    "name": {
      "en": "Burundi",
      "fr": "Burundi"
    },
    "continent": "Africa",
    "subregion": "Eastern Africa",
    "capital": "Gitega",
    "capitalCoords": null,
    "center": [
      -3.5,
      30
    ],
    "flag": "https://flagcdn.com/bi.svg",
    "difficulty": 3
  },
  "BE": {
    "name": {
      "en": "Belgium",
      "fr": "Belgique"
    },
    "continent": "Europe",
    "subregion": "Western Europe",
    "capital": "Brussels",
    "capitalCoords": null,
    "center": [
      50.83333333,
      4
    ],
    "flag": "https://flagcdn.com/be.svg",
    "difficulty": 1
  },
  "BJ": {
    "name": {
      "en": "Benin",
      "fr": "Bénin"
    },
    "continent": "Africa",
    "subregion": "Western Africa",
    "capital": "Porto-Novo",
    "capitalCoords": null,
    "center": [
      9.5,
      2.25
    ],
    "flag": "https://flagcdn.com/bj.svg",
    "difficulty": 3
  },
  "BF": {
    "name": {
      "en": "Burkina Faso",
      "fr": "Burkina Faso"
    },
    "continent": "Africa",
    "subregion": "Western Africa",
    "capital": "Ouagadougou",
    "capitalCoords": null,
    "center": [
      13,
      -2
    ],
    "flag": "https://flagcdn.com/bf.svg",
    "difficulty": 3
  },
  "BD": {
    "name": {
      "en": "Bangladesh",
      "fr": "Bangladesh"
    },
    "continent": "Asia",
    "subregion": "Southern Asia",
    "capital": "Dhaka",
    "capitalCoords": null,
    "center": [
      24,
      90
    ],
    "flag": "https://flagcdn.com/bd.svg",
    "difficulty": 1
  },
  "BG": {
    "name": {
      "en": "Bulgaria",
      "fr": "Bulgarie"
    },
    "continent": "Europe",
    "subregion": "Southeast Europe",
    "capital": "Sofia",
    "capitalCoords": null,
    "center": [
      43,
      25
    ],
    "flag": "https://flagcdn.com/bg.svg",
    "difficulty": 2
  },
  "BH": {
    "name": {
      "en": "Bahrain",
      "fr": "Bahreïn"
    },
    "continent": "Asia",
    "subregion": "Western Asia",
    "capital": "Manama",
    "capitalCoords": null,
    "center": [
      26,
      50.55
    ],
    "flag": "https://flagcdn.com/bh.svg",
    "difficulty": 2
  },
  "BS": {
    "name": {
      "en": "Bahamas",
      "fr": "Bahamas"
    },
    "continent": "Americas",
    "subregion": "Caribbean",
    "capital": "Nassau",
    "capitalCoords": null,
    "center": [
      24.25,
      -76
    ],
    "flag": "https://flagcdn.com/bs.svg",
    "difficulty": 3
  },
  "BA": {
    "name": {
      "en": "Bosnia and Herzegovina",
      "fr": "Bosnie-Herzégovine"
    },
    "continent": "Europe",
    "subregion": "Southeast Europe",
    "capital": "Sarajevo",
    "capitalCoords": null,
    "center": [
      44,
      18
    ],
    "flag": "https://flagcdn.com/ba.svg",
    "difficulty": 2
  },
  "BL": {
    "name": {
      "en": "Saint Barthélemy",
      "fr": "Saint-Barthélemy"
    },
    "continent": "Americas",
    "subregion": "Caribbean",
    "capital": "Gustavia",
    "capitalCoords": null,
    "center": [
      18.5,
      -63.41666666
    ],
    "flag": "https://flagcdn.com/bl.svg",
    "difficulty": 3
  },
  "SH": {
    "name": {
      "en": "Saint Helena, Ascension and Tristan da Cunha",
      "fr": "Sainte-Hélène, Ascension et Tristan da Cunha"
    },
    "continent": "Africa",
    "subregion": "Western Africa",
    "capital": "Jamestown",
    "capitalCoords": null,
    "center": [
      -15.95,
      -5.72
    ],
    "flag": "https://flagcdn.com/sh.svg",
    "difficulty": 3
  },
  "BY": {
    "name": {
      "en": "Belarus",
      "fr": "Biélorussie"
    },
    "continent": "Europe",
    "subregion": "Eastern Europe",
    "capital": "Minsk",
    "capitalCoords": null,
    "center": [
      53,
      28
    ],
    "flag": "https://flagcdn.com/by.svg",
    "difficulty": 2
  },
  "BZ": {
    "name": {
      "en": "Belize",
      "fr": "Belize"
    },
    "continent": "Americas",
    "subregion": "Central America",
    "capital": "Belmopan",
    "capitalCoords": null,
    "center": [
      17.25,
      -88.75
    ],
    "flag": "https://flagcdn.com/bz.svg",
    "difficulty": 3
  },
  "BM": {
    "name": {
      "en": "Bermuda",
      "fr": "Bermudes"
    },
    "continent": "Americas",
    "subregion": "North America",
    "capital": "Hamilton",
    "capitalCoords": null,
    "center": [
      32.33333333,
      -64.75
    ],
    "flag": "https://flagcdn.com/bm.svg",
    "difficulty": 3
  },
  "BO": {
    "name": {
      "en": "Bolivia",
      "fr": "Bolivie"
    },
    "continent": "Americas",
    "subregion": "South America",
    "capital": "Sucre",
    "capitalCoords": null,
    "center": [
      -17,
      -65
    ],
    "flag": "https://flagcdn.com/bo.svg",
    "difficulty": 2
  },
  "BQ": {
    "name": {
      "en": "Caribbean Netherlands",
      "fr": "Pays-Bas caribéens"
    },
    "continent": "Americas",
    "subregion": "Caribbean",
    "capital": "Kralendijk",
    "capitalCoords": null,
    "center": [
      12.18,
      -68.25
    ],
    "flag": "https://flagcdn.com/bq.svg",
    "difficulty": 3
  },
  "BR": {
    "name": {
      "en": "Brazil",
      "fr": "Brésil"
    },
    "continent": "Americas",
    "subregion": "South America",
    "capital": "Brasília",
    "capitalCoords": null,
    "center": [
      -10,
      -55
    ],
    "flag": "https://flagcdn.com/br.svg",
    "difficulty": 1
  },
  "BB": {
    "name": {
      "en": "Barbados",
      "fr": "Barbade"
    },
    "continent": "Americas",
    "subregion": "Caribbean",
    "capital": "Bridgetown",
    "capitalCoords": null,
    "center": [
      13.16666666,
      -59.53333333
    ],
    "flag": "https://flagcdn.com/bb.svg",
    "difficulty": 3
  },
  "BN": {
    "name": {
      "en": "Brunei",
      "fr": "Brunei"
    },
    "continent": "Asia",
    "subregion": "South-Eastern Asia",
    "capital": "Bandar Seri Begawan",
    "capitalCoords": null,
    "center": [
      4.5,
      114.66666666
    ],
    "flag": "https://flagcdn.com/bn.svg",
    "difficulty": 2
  },
  "BT": {
    "name": {
      "en": "Bhutan",
      "fr": "Bhoutan"
    },
    "continent": "Asia",
    "subregion": "Southern Asia",
    "capital": "Thimphu",
    "capitalCoords": null,
    "center": [
      27.5,
      90.5
    ],
    "flag": "https://flagcdn.com/bt.svg",
    "difficulty": 3
  },
  "BW": {
    "name": {
      "en": "Botswana",
      "fr": "Botswana"
    },
    "continent": "Africa",
    "subregion": "Southern Africa",
    "capital": "Gaborone",
    "capitalCoords": null,
    "center": [
      -22,
      24
    ],
    "flag": "https://flagcdn.com/bw.svg",
    "difficulty": 2
  },
  "CF": {
    "name": {
      "en": "Central African Republic",
      "fr": "République centrafricaine"
    },
    "continent": "Africa",
    "subregion": "Middle Africa",
    "capital": "Bangui",
    "capitalCoords": null,
    "center": [
      7,
      21
    ],
    "flag": "https://flagcdn.com/cf.svg",
    "difficulty": 3
  },
  "CA": {
    "name": {
      "en": "Canada",
      "fr": "Canada"
    },
    "continent": "Americas",
    "subregion": "North America",
    "capital": "Ottawa",
    "capitalCoords": null,
    "center": [
      60,
      -95
    ],
    "flag": "https://flagcdn.com/ca.svg",
    "difficulty": 1
  },
  "CC": {
    "name": {
      "en": "Cocos (Keeling) Islands",
      "fr": "Îles Cocos"
    },
    "continent": "Oceania",
    "subregion": "Australia and New Zealand",
    "capital": "West Island",
    "capitalCoords": null,
    "center": [
      -12.5,
      96.83333333
    ],
    "flag": "https://flagcdn.com/cc.svg",
    "difficulty": 3
  },
  "CH": {
    "name": {
      "en": "Switzerland",
      "fr": "Suisse"
    },
    "continent": "Europe",
    "subregion": "Western Europe",
    "capital": "Bern",
    "capitalCoords": null,
    "center": [
      47,
      8
    ],
    "flag": "https://flagcdn.com/ch.svg",
    "difficulty": 1
  },
  "CL": {
    "name": {
      "en": "Chile",
      "fr": "Chili"
    },
    "continent": "Americas",
    "subregion": "South America",
    "capital": "Santiago",
    "capitalCoords": null,
    "center": [
      -30,
      -71
    ],
    "flag": "https://flagcdn.com/cl.svg",
    "difficulty": 1
  },
  "CN": {
    "name": {
      "en": "China",
      "fr": "Chine"
    },
    "continent": "Asia",
    "subregion": "Eastern Asia",
    "capital": "Beijing",
    "capitalCoords": null,
    "center": [
      35,
      105
    ],
    "flag": "https://flagcdn.com/cn.svg",
    "difficulty": 1
  },
  "CI": {
    "name": {
      "en": "Ivory Coast",
      "fr": "Côte d'Ivoire"
    },
    "continent": "Africa",
    "subregion": "Western Africa",
    "capital": "Yamoussoukro",
    "capitalCoords": null,
    "center": [
      8,
      -5
    ],
    "flag": "https://flagcdn.com/ci.svg",
    "difficulty": 2
  },
  "CM": {
    "name": {
      "en": "Cameroon",
      "fr": "Cameroun"
    },
    "continent": "Africa",
    "subregion": "Middle Africa",
    "capital": "Yaoundé",
    "capitalCoords": null,
    "center": [
      6,
      12
    ],
    "flag": "https://flagcdn.com/cm.svg",
    "difficulty": 2
  },
  "CD": {
    "name": {
      "en": "DR Congo",
      "fr": "Congo (Rép. dém.)"
    },
    "continent": "Africa",
    "subregion": "Middle Africa",
    "capital": "Kinshasa",
    "capitalCoords": null,
    "center": [
      0,
      25
    ],
    "flag": "https://flagcdn.com/cd.svg",
    "difficulty": 3
  },
  "CG": {
    "name": {
      "en": "Congo",
      "fr": "Congo"
    },
    "continent": "Africa",
    "subregion": "Middle Africa",
    "capital": "Brazzaville",
    "capitalCoords": null,
    "center": [
      -1,
      15
    ],
    "flag": "https://flagcdn.com/cg.svg",
    "difficulty": 3
  },
  "CK": {
    "name": {
      "en": "Cook Islands",
      "fr": "Îles Cook"
    },
    "continent": "Oceania",
    "subregion": "Polynesia",
    "capital": "Avarua",
    "capitalCoords": null,
    "center": [
      -21.23333333,
      -159.76666666
    ],
    "flag": "https://flagcdn.com/ck.svg",
    "difficulty": 3
  },
  "CO": {
    "name": {
      "en": "Colombia",
      "fr": "Colombie"
    },
    "continent": "Americas",
    "subregion": "South America",
    "capital": "Bogotá",
    "capitalCoords": null,
    "center": [
      4,
      -72
    ],
    "flag": "https://flagcdn.com/co.svg",
    "difficulty": 1
  },
  "KM": {
    "name": {
      "en": "Comoros",
      "fr": "Comores"
    },
    "continent": "Africa",
    "subregion": "Eastern Africa",
    "capital": "Moroni",
    "capitalCoords": null,
    "center": [
      -12.16666666,
      44.25
    ],
    "flag": "https://flagcdn.com/km.svg",
    "difficulty": 3
  },
  "CV": {
    "name": {
      "en": "Cape Verde",
      "fr": "Îles du Cap-Vert"
    },
    "continent": "Africa",
    "subregion": "Western Africa",
    "capital": "Praia",
    "capitalCoords": null,
    "center": [
      16,
      -24
    ],
    "flag": "https://flagcdn.com/cv.svg",
    "difficulty": 3
  },
  "CR": {
    "name": {
      "en": "Costa Rica",
      "fr": "Costa Rica"
    },
    "continent": "Americas",
    "subregion": "Central America",
    "capital": "San José",
    "capitalCoords": null,
    "center": [
      10,
      -84
    ],
    "flag": "https://flagcdn.com/cr.svg",
    "difficulty": 2
  },
  "CU": {
    "name": {
      "en": "Cuba",
      "fr": "Cuba"
    },
    "continent": "Americas",
    "subregion": "Caribbean",
    "capital": "Havana",
    "capitalCoords": null,
    "center": [
      21.5,
      -80
    ],
    "flag": "https://flagcdn.com/cu.svg",
    "difficulty": 2
  },
  "CW": {
    "name": {
      "en": "Curaçao",
      "fr": "Curaçao"
    },
    "continent": "Americas",
    "subregion": "Caribbean",
    "capital": "Willemstad",
    "capitalCoords": null,
    "center": [
      12.116667,
      -68.933333
    ],
    "flag": "https://flagcdn.com/cw.svg",
    "difficulty": 3
  },
  "CX": {
    "name": {
      "en": "Christmas Island",
      "fr": "Île Christmas"
    },
    "continent": "Oceania",
    "subregion": "Australia and New Zealand",
    "capital": "Flying Fish Cove",
    "capitalCoords": null,
    "center": [
      -10.5,
      105.66666666
    ],
    "flag": "https://flagcdn.com/cx.svg",
    "difficulty": 3
  },
  "KY": {
    "name": {
      "en": "Cayman Islands",
      "fr": "Îles Caïmans"
    },
    "continent": "Americas",
    "subregion": "Caribbean",
    "capital": "George Town",
    "capitalCoords": null,
    "center": [
      19.5,
      -80.5
    ],
    "flag": "https://flagcdn.com/ky.svg",
    "difficulty": 3
  },
  "CY": {
    "name": {
      "en": "Cyprus",
      "fr": "Chypre"
    },
    "continent": "Europe",
    "subregion": "Southern Europe",
    "capital": "Nicosia",
    "capitalCoords": null,
    "center": [
      35,
      33
    ],
    "flag": "https://flagcdn.com/cy.svg",
    "difficulty": 2
  },
  "CZ": {
    "name": {
      "en": "Czechia",
      "fr": "Tchéquie"
    },
    "continent": "Europe",
    "subregion": "Central Europe",
    "capital": "Prague",
    "capitalCoords": null,
    "center": [
      49.75,
      15.5
    ],
    "flag": "https://flagcdn.com/cz.svg",
    "difficulty": 1
  },
  "DE": {
    "name": {
      "en": "Germany",
      "fr": "Allemagne"
    },
    "continent": "Europe",
    "subregion": "Western Europe",
    "capital": "Berlin",
    "capitalCoords": null,
    "center": [
      51,
      9
    ],
    "flag": "https://flagcdn.com/de.svg",
    "difficulty": 1
  },
  "DJ": {
    "name": {
      "en": "Djibouti",
      "fr": "Djibouti"
    },
    "continent": "Africa",
    "subregion": "Eastern Africa",
    "capital": "Djibouti",
    "capitalCoords": null,
    "center": [
      11.5,
      43
    ],
    "flag": "https://flagcdn.com/dj.svg",
    "difficulty": 3
  },
  "DM": {
    "name": {
      "en": "Dominica",
      "fr": "Dominique"
    },
    "continent": "Americas",
    "subregion": "Caribbean",
    "capital": "Roseau",
    "capitalCoords": null,
    "center": [
      15.41666666,
      -61.33333333
    ],
    "flag": "https://flagcdn.com/dm.svg",
    "difficulty": 3
  },
  "DK": {
    "name": {
      "en": "Denmark",
      "fr": "Danemark"
    },
    "continent": "Europe",
    "subregion": "Northern Europe",
    "capital": "Copenhagen",
    "capitalCoords": null,
    "center": [
      56,
      10
    ],
    "flag": "https://flagcdn.com/dk.svg",
    "difficulty": 1
  },
  "DO": {
    "name": {
      "en": "Dominican Republic",
      "fr": "République dominicaine"
    },
    "continent": "Americas",
    "subregion": "Caribbean",
    "capital": "Santo Domingo",
    "capitalCoords": null,
    "center": [
      19,
      -70.66666666
    ],
    "flag": "https://flagcdn.com/do.svg",
    "difficulty": 2
  },
  "DZ": {
    "name": {
      "en": "Algeria",
      "fr": "Algérie"
    },
    "continent": "Africa",
    "subregion": "Northern Africa",
    "capital": "Algiers",
    "capitalCoords": null,
    "center": [
      28,
      3
    ],
    "flag": "https://flagcdn.com/dz.svg",
    "difficulty": 2
  },
  "EC": {
    "name": {
      "en": "Ecuador",
      "fr": "Équateur"
    },
    "continent": "Americas",
    "subregion": "South America",
    "capital": "Quito",
    "capitalCoords": null,
    "center": [
      -2,
      -77.5
    ],
    "flag": "https://flagcdn.com/ec.svg",
    "difficulty": 2
  },
  "EG": {
    "name": {
      "en": "Egypt",
      "fr": "Égypte"
    },
    "continent": "Africa",
    "subregion": "Northern Africa",
    "capital": "Cairo",
    "capitalCoords": null,
    "center": [
      27,
      30
    ],
    "flag": "https://flagcdn.com/eg.svg",
    "difficulty": 1
  },
  "ER": {
    "name": {
      "en": "Eritrea",
      "fr": "Érythrée"
    },
    "continent": "Africa",
    "subregion": "Eastern Africa",
    "capital": "Asmara",
    "capitalCoords": null,
    "center": [
      15,
      39
    ],
    "flag": "https://flagcdn.com/er.svg",
    "difficulty": 3
  },
  "EH": {
    "name": {
      "en": "Western Sahara",
      "fr": "Sahara Occidental"
    },
    "continent": "Africa",
    "subregion": "Northern Africa",
    "capital": "El Aaiún",
    "capitalCoords": null,
    "center": [
      24.5,
      -13
    ],
    "flag": "https://flagcdn.com/eh.svg",
    "difficulty": 3
  },
  "ES": {
    "name": {
      "en": "Spain",
      "fr": "Espagne"
    },
    "continent": "Europe",
    "subregion": "Southern Europe",
    "capital": "Madrid",
    "capitalCoords": null,
    "center": [
      40,
      -4
    ],
    "flag": "https://flagcdn.com/es.svg",
    "difficulty": 1
  },
  "EE": {
    "name": {
      "en": "Estonia",
      "fr": "Estonie"
    },
    "continent": "Europe",
    "subregion": "Northern Europe",
    "capital": "Tallinn",
    "capitalCoords": null,
    "center": [
      59,
      26
    ],
    "flag": "https://flagcdn.com/ee.svg",
    "difficulty": 2
  },
  "ET": {
    "name": {
      "en": "Ethiopia",
      "fr": "Éthiopie"
    },
    "continent": "Africa",
    "subregion": "Eastern Africa",
    "capital": "Addis Ababa",
    "capitalCoords": null,
    "center": [
      8,
      38
    ],
    "flag": "https://flagcdn.com/et.svg",
    "difficulty": 2
  },
  "FI": {
    "name": {
      "en": "Finland",
      "fr": "Finlande"
    },
    "continent": "Europe",
    "subregion": "Northern Europe",
    "capital": "Helsinki",
    "capitalCoords": null,
    "center": [
      64,
      26
    ],
    "flag": "https://flagcdn.com/fi.svg",
    "difficulty": 1
  },
  "FJ": {
    "name": {
      "en": "Fiji",
      "fr": "Fidji"
    },
    "continent": "Oceania",
    "subregion": "Melanesia",
    "capital": "Suva",
    "capitalCoords": null,
    "center": [
      -18,
      175
    ],
    "flag": "https://flagcdn.com/fj.svg",
    "difficulty": 3
  },
  "FK": {
    "name": {
      "en": "Falkland Islands",
      "fr": "Îles Malouines"
    },
    "continent": "Americas",
    "subregion": "South America",
    "capital": "Stanley",
    "capitalCoords": null,
    "center": [
      -51.75,
      -59
    ],
    "flag": "https://flagcdn.com/fk.svg",
    "difficulty": 3
  },
  "FR": {
    "name": {
      "en": "France",
      "fr": "France"
    },
    "continent": "Europe",
    "subregion": "Western Europe",
    "capital": "Paris",
    "capitalCoords": null,
    "center": [
      46,
      2
    ],
    "flag": "https://flagcdn.com/fr.svg",
    "difficulty": 1
  },
  "FO": {
    "name": {
      "en": "Faroe Islands",
      "fr": "Îles Féroé"
    },
    "continent": "Europe",
    "subregion": "Northern Europe",
    "capital": "Tórshavn",
    "capitalCoords": null,
    "center": [
      62,
      -7
    ],
    "flag": "https://flagcdn.com/fo.svg",
    "difficulty": 3
  },
  "FM": {
    "name": {
      "en": "Micronesia",
      "fr": "Micronésie"
    },
    "continent": "Oceania",
    "subregion": "Micronesia",
    "capital": "Palikir",
    "capitalCoords": null,
    "center": [
      6.91666666,
      158.25
    ],
    "flag": "https://flagcdn.com/fm.svg",
    "difficulty": 3
  },
  "GA": {
    "name": {
      "en": "Gabon",
      "fr": "Gabon"
    },
    "continent": "Africa",
    "subregion": "Middle Africa",
    "capital": "Libreville",
    "capitalCoords": null,
    "center": [
      -1,
      11.75
    ],
    "flag": "https://flagcdn.com/ga.svg",
    "difficulty": 3
  },
  "GB": {
    "name": {
      "en": "United Kingdom",
      "fr": "Royaume-Uni"
    },
    "continent": "Europe",
    "subregion": "Northern Europe",
    "capital": "London",
    "capitalCoords": null,
    "center": [
      54,
      -2
    ],
    "flag": "https://flagcdn.com/gb.svg",
    "difficulty": 1
  },
  "GE": {
    "name": {
      "en": "Georgia",
      "fr": "Géorgie"
    },
    "continent": "Asia",
    "subregion": "Western Asia",
    "capital": "Tbilisi",
    "capitalCoords": null,
    "center": [
      42,
      43.5
    ],
    "flag": "https://flagcdn.com/ge.svg",
    "difficulty": 2
  },
  "GG": {
    "name": {
      "en": "Guernsey",
      "fr": "Guernesey"
    },
    "continent": "Europe",
    "subregion": "Northern Europe",
    "capital": "St. Peter Port",
    "capitalCoords": null,
    "center": [
      49.46666666,
      -2.58333333
    ],
    "flag": "https://flagcdn.com/gg.svg",
    "difficulty": 3
  },
  "GH": {
    "name": {
      "en": "Ghana",
      "fr": "Ghana"
    },
    "continent": "Africa",
    "subregion": "Western Africa",
    "capital": "Accra",
    "capitalCoords": null,
    "center": [
      8,
      -2
    ],
    "flag": "https://flagcdn.com/gh.svg",
    "difficulty": 2
  },
  "GI": {
    "name": {
      "en": "Gibraltar",
      "fr": "Gibraltar"
    },
    "continent": "Europe",
    "subregion": "Southern Europe",
    "capital": "Gibraltar",
    "capitalCoords": null,
    "center": [
      36.13333333,
      -5.35
    ],
    "flag": "https://flagcdn.com/gi.svg",
    "difficulty": 3
  },
  "GN": {
    "name": {
      "en": "Guinea",
      "fr": "Guinée"
    },
    "continent": "Africa",
    "subregion": "Western Africa",
    "capital": "Conakry",
    "capitalCoords": null,
    "center": [
      11,
      -10
    ],
    "flag": "https://flagcdn.com/gn.svg",
    "difficulty": 3
  },
  "GP": {
    "name": {
      "en": "Guadeloupe",
      "fr": "Guadeloupe"
    },
    "continent": "Americas",
    "subregion": "Caribbean",
    "capital": "Basse-Terre",
    "capitalCoords": null,
    "center": [
      16.25,
      -61.583333
    ],
    "flag": "https://flagcdn.com/gp.svg",
    "difficulty": 3
  },
  "GM": {
    "name": {
      "en": "Gambia",
      "fr": "Gambie"
    },
    "continent": "Africa",
    "subregion": "Western Africa",
    "capital": "Banjul",
    "capitalCoords": null,
    "center": [
      13.46666666,
      -16.56666666
    ],
    "flag": "https://flagcdn.com/gm.svg",
    "difficulty": 3
  },
  "GW": {
    "name": {
      "en": "Guinea-Bissau",
      "fr": "Guinée-Bissau"
    },
    "continent": "Africa",
    "subregion": "Western Africa",
    "capital": "Bissau",
    "capitalCoords": null,
    "center": [
      12,
      -15
    ],
    "flag": "https://flagcdn.com/gw.svg",
    "difficulty": 3
  },
  "GQ": {
    "name": {
      "en": "Equatorial Guinea",
      "fr": "Guinée équatoriale"
    },
    "continent": "Africa",
    "subregion": "Middle Africa",
    "capital": "Malabo",
    "capitalCoords": null,
    "center": [
      2,
      10
    ],
    "flag": "https://flagcdn.com/gq.svg",
    "difficulty": 3
  },
  "GR": {
    "name": {
      "en": "Greece",
      "fr": "Grèce"
    },
    "continent": "Europe",
    "subregion": "Southern Europe",
    "capital": "Athens",
    "capitalCoords": null,
    "center": [
      39,
      22
    ],
    "flag": "https://flagcdn.com/gr.svg",
    "difficulty": 1
  },
  "GD": {
    "name": {
      "en": "Grenada",
      "fr": "Grenade"
    },
    "continent": "Americas",
    "subregion": "Caribbean",
    "capital": "St. George's",
    "capitalCoords": null,
    "center": [
      12.11666666,
      -61.66666666
    ],
    "flag": "https://flagcdn.com/gd.svg",
    "difficulty": 3
  },
  "GL": {
    "name": {
      "en": "Greenland",
      "fr": "Groenland"
    },
    "continent": "Americas",
    "subregion": "North America",
    "capital": "Nuuk",
    "capitalCoords": null,
    "center": [
      72,
      -40
    ],
    "flag": "https://flagcdn.com/gl.svg",
    "difficulty": 3
  },
  "GT": {
    "name": {
      "en": "Guatemala",
      "fr": "Guatemala"
    },
    "continent": "Americas",
    "subregion": "Central America",
    "capital": "Guatemala City",
    "capitalCoords": null,
    "center": [
      15.5,
      -90.25
    ],
    "flag": "https://flagcdn.com/gt.svg",
    "difficulty": 2
  },
  "GF": {
    "name": {
      "en": "French Guiana",
      "fr": "Guyane"
    },
    "continent": "Americas",
    "subregion": "South America",
    "capital": "Cayenne",
    "capitalCoords": null,
    "center": [
      4,
      -53
    ],
    "flag": "https://flagcdn.com/gf.svg",
    "difficulty": 3
  },
  "GU": {
    "name": {
      "en": "Guam",
      "fr": "Guam"
    },
    "continent": "Oceania",
    "subregion": "Micronesia",
    "capital": "Hagåtña",
    "capitalCoords": null,
    "center": [
      13.46666666,
      144.78333333
    ],
    "flag": "https://flagcdn.com/gu.svg",
    "difficulty": 3
  },
  "GY": {
    "name": {
      "en": "Guyana",
      "fr": "Guyana"
    },
    "continent": "Americas",
    "subregion": "South America",
    "capital": "Georgetown",
    "capitalCoords": null,
    "center": [
      5,
      -59
    ],
    "flag": "https://flagcdn.com/gy.svg",
    "difficulty": 3
  },
  "HK": {
    "name": {
      "en": "Hong Kong",
      "fr": "Hong Kong"
    },
    "continent": "Asia",
    "subregion": "Eastern Asia",
    "capital": "City of Victoria",
    "capitalCoords": null,
    "center": [
      22.267,
      114.188
    ],
    "flag": "https://flagcdn.com/hk.svg",
    "difficulty": 2
  },
  "HN": {
    "name": {
      "en": "Honduras",
      "fr": "Honduras"
    },
    "continent": "Americas",
    "subregion": "Central America",
    "capital": "Tegucigalpa",
    "capitalCoords": null,
    "center": [
      15,
      -86.5
    ],
    "flag": "https://flagcdn.com/hn.svg",
    "difficulty": 2
  },
  "HR": {
    "name": {
      "en": "Croatia",
      "fr": "Croatie"
    },
    "continent": "Europe",
    "subregion": "Southeast Europe",
    "capital": "Zagreb",
    "capitalCoords": null,
    "center": [
      45.16666666,
      15.5
    ],
    "flag": "https://flagcdn.com/hr.svg",
    "difficulty": 2
  },
  "HT": {
    "name": {
      "en": "Haiti",
      "fr": "Haïti"
    },
    "continent": "Americas",
    "subregion": "Caribbean",
    "capital": "Port-au-Prince",
    "capitalCoords": null,
    "center": [
      19,
      -72.41666666
    ],
    "flag": "https://flagcdn.com/ht.svg",
    "difficulty": 2
  },
  "HU": {
    "name": {
      "en": "Hungary",
      "fr": "Hongrie"
    },
    "continent": "Europe",
    "subregion": "Central Europe",
    "capital": "Budapest",
    "capitalCoords": null,
    "center": [
      47,
      20
    ],
    "flag": "https://flagcdn.com/hu.svg",
    "difficulty": 1
  },
  "ID": {
    "name": {
      "en": "Indonesia",
      "fr": "Indonésie"
    },
    "continent": "Asia",
    "subregion": "South-Eastern Asia",
    "capital": "Jakarta",
    "capitalCoords": null,
    "center": [
      -5,
      120
    ],
    "flag": "https://flagcdn.com/id.svg",
    "difficulty": 1
  },
  "IM": {
    "name": {
      "en": "Isle of Man",
      "fr": "Île de Man"
    },
    "continent": "Europe",
    "subregion": "Northern Europe",
    "capital": "Douglas",
    "capitalCoords": null,
    "center": [
      54.25,
      -4.5
    ],
    "flag": "https://flagcdn.com/im.svg",
    "difficulty": 3
  },
  "IN": {
    "name": {
      "en": "India",
      "fr": "Inde"
    },
    "continent": "Asia",
    "subregion": "Southern Asia",
    "capital": "New Delhi",
    "capitalCoords": null,
    "center": [
      20,
      77
    ],
    "flag": "https://flagcdn.com/in.svg",
    "difficulty": 1
  },
  "IO": {
    "name": {
      "en": "British Indian Ocean Territory",
      "fr": "Territoire britannique de l'océan Indien"
    },
    "continent": "Africa",
    "subregion": "Eastern Africa",
    "capital": "Diego Garcia",
    "capitalCoords": null,
    "center": [
      -6,
      71.5
    ],
    "flag": "https://flagcdn.com/io.svg",
    "difficulty": 3
  },
  "IE": {
    "name": {
      "en": "Ireland",
      "fr": "Irlande"
    },
    "continent": "Europe",
    "subregion": "Northern Europe",
    "capital": "Dublin",
    "capitalCoords": null,
    "center": [
      53,
      -8
    ],
    "flag": "https://flagcdn.com/ie.svg",
    "difficulty": 1
  },
  "IR": {
    "name": {
      "en": "Iran",
      "fr": "Iran"
    },
    "continent": "Asia",
    "subregion": "Southern Asia",
    "capital": "Tehran",
    "capitalCoords": null,
    "center": [
      32,
      53
    ],
    "flag": "https://flagcdn.com/ir.svg",
    "difficulty": 1
  },
  "IQ": {
    "name": {
      "en": "Iraq",
      "fr": "Irak"
    },
    "continent": "Asia",
    "subregion": "Western Asia",
    "capital": "Baghdad",
    "capitalCoords": null,
    "center": [
      33,
      44
    ],
    "flag": "https://flagcdn.com/iq.svg",
    "difficulty": 1
  },
  "IS": {
    "name": {
      "en": "Iceland",
      "fr": "Islande"
    },
    "continent": "Europe",
    "subregion": "Northern Europe",
    "capital": "Reykjavik",
    "capitalCoords": null,
    "center": [
      65,
      -18
    ],
    "flag": "https://flagcdn.com/is.svg",
    "difficulty": 2
  },
  "IL": {
    "name": {
      "en": "Israel",
      "fr": "Israël"
    },
    "continent": "Asia",
    "subregion": "Western Asia",
    "capital": "Jerusalem",
    "capitalCoords": null,
    "center": [
      31.47,
      35.13
    ],
    "flag": "https://flagcdn.com/il.svg",
    "difficulty": 1
  },
  "IT": {
    "name": {
      "en": "Italy",
      "fr": "Italie"
    },
    "continent": "Europe",
    "subregion": "Southern Europe",
    "capital": "Rome",
    "capitalCoords": null,
    "center": [
      42.83333333,
      12.83333333
    ],
    "flag": "https://flagcdn.com/it.svg",
    "difficulty": 1
  },
  "JM": {
    "name": {
      "en": "Jamaica",
      "fr": "Jamaïque"
    },
    "continent": "Americas",
    "subregion": "Caribbean",
    "capital": "Kingston",
    "capitalCoords": null,
    "center": [
      18.25,
      -77.5
    ],
    "flag": "https://flagcdn.com/jm.svg",
    "difficulty": 2
  },
  "JE": {
    "name": {
      "en": "Jersey",
      "fr": "Jersey"
    },
    "continent": "Europe",
    "subregion": "Northern Europe",
    "capital": "Saint Helier",
    "capitalCoords": null,
    "center": [
      49.25,
      -2.16666666
    ],
    "flag": "https://flagcdn.com/je.svg",
    "difficulty": 3
  },
  "JO": {
    "name": {
      "en": "Jordan",
      "fr": "Jordanie"
    },
    "continent": "Asia",
    "subregion": "Western Asia",
    "capital": "Amman",
    "capitalCoords": null,
    "center": [
      31,
      36
    ],
    "flag": "https://flagcdn.com/jo.svg",
    "difficulty": 2
  },
  "JP": {
    "name": {
      "en": "Japan",
      "fr": "Japon"
    },
    "continent": "Asia",
    "subregion": "Eastern Asia",
    "capital": "Tokyo",
    "capitalCoords": null,
    "center": [
      36,
      138
    ],
    "flag": "https://flagcdn.com/jp.svg",
    "difficulty": 1
  },
  "KZ": {
    "name": {
      "en": "Kazakhstan",
      "fr": "Kazakhstan"
    },
    "continent": "Asia",
    "subregion": "Central Asia",
    "capital": "Astana",
    "capitalCoords": null,
    "center": [
      48,
      68
    ],
    "flag": "https://flagcdn.com/kz.svg",
    "difficulty": 2
  },
  "KE": {
    "name": {
      "en": "Kenya",
      "fr": "Kenya"
    },
    "continent": "Africa",
    "subregion": "Eastern Africa",
    "capital": "Nairobi",
    "capitalCoords": null,
    "center": [
      1,
      38
    ],
    "flag": "https://flagcdn.com/ke.svg",
    "difficulty": 1
  },
  "KG": {
    "name": {
      "en": "Kyrgyzstan",
      "fr": "Kirghizistan"
    },
    "continent": "Asia",
    "subregion": "Central Asia",
    "capital": "Bishkek",
    "capitalCoords": null,
    "center": [
      41,
      75
    ],
    "flag": "https://flagcdn.com/kg.svg",
    "difficulty": 2
  },
  "KH": {
    "name": {
      "en": "Cambodia",
      "fr": "Cambodge"
    },
    "continent": "Asia",
    "subregion": "South-Eastern Asia",
    "capital": "Phnom Penh",
    "capitalCoords": null,
    "center": [
      13,
      105
    ],
    "flag": "https://flagcdn.com/kh.svg",
    "difficulty": 2
  },
  "KI": {
    "name": {
      "en": "Kiribati",
      "fr": "Kiribati"
    },
    "continent": "Oceania",
    "subregion": "Micronesia",
    "capital": "South Tarawa",
    "capitalCoords": null,
    "center": [
      1.41666666,
      173
    ],
    "flag": "https://flagcdn.com/ki.svg",
    "difficulty": 3
  },
  "KN": {
    "name": {
      "en": "Saint Kitts and Nevis",
      "fr": "Saint-Christophe-et-Niévès"
    },
    "continent": "Americas",
    "subregion": "Caribbean",
    "capital": "Basseterre",
    "capitalCoords": null,
    "center": [
      17.33333333,
      -62.75
    ],
    "flag": "https://flagcdn.com/kn.svg",
    "difficulty": 3
  },
  "KR": {
    "name": {
      "en": "South Korea",
      "fr": "Corée du Sud"
    },
    "continent": "Asia",
    "subregion": "Eastern Asia",
    "capital": "Seoul",
    "capitalCoords": null,
    "center": [
      37,
      127.5
    ],
    "flag": "https://flagcdn.com/kr.svg",
    "difficulty": 1
  },
  "XK": {
    "name": {
      "en": "Kosovo",
      "fr": "Kosovo"
    },
    "continent": "Europe",
    "subregion": "Southeast Europe",
    "capital": "Pristina",
    "capitalCoords": null,
    "center": [
      42.666667,
      21.166667
    ],
    "flag": "https://flagcdn.com/xk.svg",
    "difficulty": 2
  },
  "KW": {
    "name": {
      "en": "Kuwait",
      "fr": "Koweït"
    },
    "continent": "Asia",
    "subregion": "Western Asia",
    "capital": "Kuwait City",
    "capitalCoords": null,
    "center": [
      29.5,
      45.75
    ],
    "flag": "https://flagcdn.com/kw.svg",
    "difficulty": 2
  },
  "LA": {
    "name": {
      "en": "Laos",
      "fr": "Laos"
    },
    "continent": "Asia",
    "subregion": "South-Eastern Asia",
    "capital": "Vientiane",
    "capitalCoords": null,
    "center": [
      18,
      105
    ],
    "flag": "https://flagcdn.com/la.svg",
    "difficulty": 2
  },
  "LB": {
    "name": {
      "en": "Lebanon",
      "fr": "Liban"
    },
    "continent": "Asia",
    "subregion": "Western Asia",
    "capital": "Beirut",
    "capitalCoords": null,
    "center": [
      33.83333333,
      35.83333333
    ],
    "flag": "https://flagcdn.com/lb.svg",
    "difficulty": 2
  },
  "LR": {
    "name": {
      "en": "Liberia",
      "fr": "Liberia"
    },
    "continent": "Africa",
    "subregion": "Western Africa",
    "capital": "Monrovia",
    "capitalCoords": null,
    "center": [
      6.5,
      -9.5
    ],
    "flag": "https://flagcdn.com/lr.svg",
    "difficulty": 3
  },
  "LY": {
    "name": {
      "en": "Libya",
      "fr": "Libye"
    },
    "continent": "Africa",
    "subregion": "Northern Africa",
    "capital": "Tripoli",
    "capitalCoords": null,
    "center": [
      25,
      17
    ],
    "flag": "https://flagcdn.com/ly.svg",
    "difficulty": 2
  },
  "LC": {
    "name": {
      "en": "Saint Lucia",
      "fr": "Sainte-Lucie"
    },
    "continent": "Americas",
    "subregion": "Caribbean",
    "capital": "Castries",
    "capitalCoords": null,
    "center": [
      13.88333333,
      -60.96666666
    ],
    "flag": "https://flagcdn.com/lc.svg",
    "difficulty": 3
  },
  "LI": {
    "name": {
      "en": "Liechtenstein",
      "fr": "Liechtenstein"
    },
    "continent": "Europe",
    "subregion": "Western Europe",
    "capital": "Vaduz",
    "capitalCoords": null,
    "center": [
      47.26666666,
      9.53333333
    ],
    "flag": "https://flagcdn.com/li.svg",
    "difficulty": 3
  },
  "LK": {
    "name": {
      "en": "Sri Lanka",
      "fr": "Sri Lanka"
    },
    "continent": "Asia",
    "subregion": "Southern Asia",
    "capital": "Colombo",
    "capitalCoords": null,
    "center": [
      7,
      81
    ],
    "flag": "https://flagcdn.com/lk.svg",
    "difficulty": 2
  },
  "LS": {
    "name": {
      "en": "Lesotho",
      "fr": "Lesotho"
    },
    "continent": "Africa",
    "subregion": "Southern Africa",
    "capital": "Maseru",
    "capitalCoords": null,
    "center": [
      -29.5,
      28.5
    ],
    "flag": "https://flagcdn.com/ls.svg",
    "difficulty": 3
  },
  "LT": {
    "name": {
      "en": "Lithuania",
      "fr": "Lituanie"
    },
    "continent": "Europe",
    "subregion": "Northern Europe",
    "capital": "Vilnius",
    "capitalCoords": null,
    "center": [
      56,
      24
    ],
    "flag": "https://flagcdn.com/lt.svg",
    "difficulty": 2
  },
  "LU": {
    "name": {
      "en": "Luxembourg",
      "fr": "Luxembourg"
    },
    "continent": "Europe",
    "subregion": "Western Europe",
    "capital": "Luxembourg",
    "capitalCoords": null,
    "center": [
      49.75,
      6.16666666
    ],
    "flag": "https://flagcdn.com/lu.svg",
    "difficulty": 2
  },
  "LV": {
    "name": {
      "en": "Latvia",
      "fr": "Lettonie"
    },
    "continent": "Europe",
    "subregion": "Northern Europe",
    "capital": "Riga",
    "capitalCoords": null,
    "center": [
      57,
      25
    ],
    "flag": "https://flagcdn.com/lv.svg",
    "difficulty": 2
  },
  "MO": {
    "name": {
      "en": "Macau",
      "fr": "Macao"
    },
    "continent": "Asia",
    "subregion": "Eastern Asia",
    "capital": null,
    "capitalCoords": null,
    "center": [
      22.16666666,
      113.55
    ],
    "flag": "https://flagcdn.com/mo.svg",
    "difficulty": 2
  },
  "MF": {
    "name": {
      "en": "Saint Martin",
      "fr": "Saint-Martin"
    },
    "continent": "Americas",
    "subregion": "Caribbean",
    "capital": "Marigot",
    "capitalCoords": null,
    "center": [
      18.08333333,
      -63.95
    ],
    "flag": "https://flagcdn.com/mf.svg",
    "difficulty": 3
  },
  "MA": {
    "name": {
      "en": "Morocco",
      "fr": "Maroc"
    },
    "continent": "Africa",
    "subregion": "Northern Africa",
    "capital": "Rabat",
    "capitalCoords": null,
    "center": [
      32,
      -5
    ],
    "flag": "https://flagcdn.com/ma.svg",
    "difficulty": 1
  },
  "MC": {
    "name": {
      "en": "Monaco",
      "fr": "Monaco"
    },
    "continent": "Europe",
    "subregion": "Western Europe",
    "capital": "Monaco",
    "capitalCoords": null,
    "center": [
      43.73333333,
      7.4
    ],
    "flag": "https://flagcdn.com/mc.svg",
    "difficulty": 3
  },
  "MD": {
    "name": {
      "en": "Moldova",
      "fr": "Moldavie"
    },
    "continent": "Europe",
    "subregion": "Eastern Europe",
    "capital": "Chișinău",
    "capitalCoords": null,
    "center": [
      47,
      29
    ],
    "flag": "https://flagcdn.com/md.svg",
    "difficulty": 2
  },
  "MG": {
    "name": {
      "en": "Madagascar",
      "fr": "Madagascar"
    },
    "continent": "Africa",
    "subregion": "Eastern Africa",
    "capital": "Antananarivo",
    "capitalCoords": null,
    "center": [
      -20,
      47
    ],
    "flag": "https://flagcdn.com/mg.svg",
    "difficulty": 2
  },
  "MV": {
    "name": {
      "en": "Maldives",
      "fr": "Maldives"
    },
    "continent": "Asia",
    "subregion": "Southern Asia",
    "capital": "Malé",
    "capitalCoords": null,
    "center": [
      3.25,
      73
    ],
    "flag": "https://flagcdn.com/mv.svg",
    "difficulty": 3
  },
  "MX": {
    "name": {
      "en": "Mexico",
      "fr": "Mexique"
    },
    "continent": "Americas",
    "subregion": "North America",
    "capital": "Mexico City",
    "capitalCoords": null,
    "center": [
      23,
      -102
    ],
    "flag": "https://flagcdn.com/mx.svg",
    "difficulty": 1
  },
  "MH": {
    "name": {
      "en": "Marshall Islands",
      "fr": "Îles Marshall"
    },
    "continent": "Oceania",
    "subregion": "Micronesia",
    "capital": "Majuro",
    "capitalCoords": null,
    "center": [
      9,
      168
    ],
    "flag": "https://flagcdn.com/mh.svg",
    "difficulty": 3
  },
  "MK": {
    "name": {
      "en": "North Macedonia",
      "fr": "Macédoine du Nord"
    },
    "continent": "Europe",
    "subregion": "Southeast Europe",
    "capital": "Skopje",
    "capitalCoords": null,
    "center": [
      41.83333333,
      22
    ],
    "flag": "https://flagcdn.com/mk.svg",
    "difficulty": 2
  },
  "ML": {
    "name": {
      "en": "Mali",
      "fr": "Mali"
    },
    "continent": "Africa",
    "subregion": "Western Africa",
    "capital": "Bamako",
    "capitalCoords": null,
    "center": [
      17,
      -4
    ],
    "flag": "https://flagcdn.com/ml.svg",
    "difficulty": 3
  },
  "MT": {
    "name": {
      "en": "Malta",
      "fr": "Malte"
    },
    "continent": "Europe",
    "subregion": "Southern Europe",
    "capital": "Valletta",
    "capitalCoords": null,
    "center": [
      35.83333333,
      14.58333333
    ],
    "flag": "https://flagcdn.com/mt.svg",
    "difficulty": 2
  },
  "MM": {
    "name": {
      "en": "Myanmar",
      "fr": "Birmanie"
    },
    "continent": "Asia",
    "subregion": "South-Eastern Asia",
    "capital": "Naypyidaw",
    "capitalCoords": null,
    "center": [
      22,
      98
    ],
    "flag": "https://flagcdn.com/mm.svg",
    "difficulty": 2
  },
  "ME": {
    "name": {
      "en": "Montenegro",
      "fr": "Monténégro"
    },
    "continent": "Europe",
    "subregion": "Southeast Europe",
    "capital": "Podgorica",
    "capitalCoords": null,
    "center": [
      42.5,
      19.3
    ],
    "flag": "https://flagcdn.com/me.svg",
    "difficulty": 2
  },
  "MN": {
    "name": {
      "en": "Mongolia",
      "fr": "Mongolie"
    },
    "continent": "Asia",
    "subregion": "Eastern Asia",
    "capital": "Ulan Bator",
    "capitalCoords": null,
    "center": [
      46,
      105
    ],
    "flag": "https://flagcdn.com/mn.svg",
    "difficulty": 2
  },
  "MP": {
    "name": {
      "en": "Northern Mariana Islands",
      "fr": "Îles Mariannes du Nord"
    },
    "continent": "Oceania",
    "subregion": "Micronesia",
    "capital": "Saipan",
    "capitalCoords": null,
    "center": [
      15.2,
      145.75
    ],
    "flag": "https://flagcdn.com/mp.svg",
    "difficulty": 3
  },
  "MZ": {
    "name": {
      "en": "Mozambique",
      "fr": "Mozambique"
    },
    "continent": "Africa",
    "subregion": "Eastern Africa",
    "capital": "Maputo",
    "capitalCoords": null,
    "center": [
      -18.25,
      35
    ],
    "flag": "https://flagcdn.com/mz.svg",
    "difficulty": 2
  },
  "MR": {
    "name": {
      "en": "Mauritania",
      "fr": "Mauritanie"
    },
    "continent": "Africa",
    "subregion": "Western Africa",
    "capital": "Nouakchott",
    "capitalCoords": null,
    "center": [
      20,
      -12
    ],
    "flag": "https://flagcdn.com/mr.svg",
    "difficulty": 3
  },
  "MS": {
    "name": {
      "en": "Montserrat",
      "fr": "Montserrat"
    },
    "continent": "Americas",
    "subregion": "Caribbean",
    "capital": "Plymouth",
    "capitalCoords": null,
    "center": [
      16.75,
      -62.2
    ],
    "flag": "https://flagcdn.com/ms.svg",
    "difficulty": 3
  },
  "MQ": {
    "name": {
      "en": "Martinique",
      "fr": "Martinique"
    },
    "continent": "Americas",
    "subregion": "Caribbean",
    "capital": "Fort-de-France",
    "capitalCoords": null,
    "center": [
      14.666667,
      -61
    ],
    "flag": "https://flagcdn.com/mq.svg",
    "difficulty": 3
  },
  "MU": {
    "name": {
      "en": "Mauritius",
      "fr": "Île Maurice"
    },
    "continent": "Africa",
    "subregion": "Eastern Africa",
    "capital": "Port Louis",
    "capitalCoords": null,
    "center": [
      -20.28333333,
      57.55
    ],
    "flag": "https://flagcdn.com/mu.svg",
    "difficulty": 3
  },
  "MW": {
    "name": {
      "en": "Malawi",
      "fr": "Malawi"
    },
    "continent": "Africa",
    "subregion": "Eastern Africa",
    "capital": "Lilongwe",
    "capitalCoords": null,
    "center": [
      -13.5,
      34
    ],
    "flag": "https://flagcdn.com/mw.svg",
    "difficulty": 3
  },
  "MY": {
    "name": {
      "en": "Malaysia",
      "fr": "Malaisie"
    },
    "continent": "Asia",
    "subregion": "South-Eastern Asia",
    "capital": "Kuala Lumpur",
    "capitalCoords": null,
    "center": [
      2.5,
      112.5
    ],
    "flag": "https://flagcdn.com/my.svg",
    "difficulty": 1
  },
  "YT": {
    "name": {
      "en": "Mayotte",
      "fr": "Mayotte"
    },
    "continent": "Africa",
    "subregion": "Eastern Africa",
    "capital": "Mamoudzou",
    "capitalCoords": null,
    "center": [
      -12.83333333,
      45.16666666
    ],
    "flag": "https://flagcdn.com/yt.svg",
    "difficulty": 3
  },
  "NA": {
    "name": {
      "en": "Namibia",
      "fr": "Namibie"
    },
    "continent": "Africa",
    "subregion": "Southern Africa",
    "capital": "Windhoek",
    "capitalCoords": null,
    "center": [
      -22,
      17
    ],
    "flag": "https://flagcdn.com/na.svg",
    "difficulty": 2
  },
  "NC": {
    "name": {
      "en": "New Caledonia",
      "fr": "Nouvelle-Calédonie"
    },
    "continent": "Oceania",
    "subregion": "Melanesia",
    "capital": "Nouméa",
    "capitalCoords": null,
    "center": [
      -21.5,
      165.5
    ],
    "flag": "https://flagcdn.com/nc.svg",
    "difficulty": 3
  },
  "NE": {
    "name": {
      "en": "Niger",
      "fr": "Niger"
    },
    "continent": "Africa",
    "subregion": "Western Africa",
    "capital": "Niamey",
    "capitalCoords": null,
    "center": [
      16,
      8
    ],
    "flag": "https://flagcdn.com/ne.svg",
    "difficulty": 3
  },
  "NF": {
    "name": {
      "en": "Norfolk Island",
      "fr": "Île Norfolk"
    },
    "continent": "Oceania",
    "subregion": "Australia and New Zealand",
    "capital": "Kingston",
    "capitalCoords": null,
    "center": [
      -29.03333333,
      167.95
    ],
    "flag": "https://flagcdn.com/nf.svg",
    "difficulty": 3
  },
  "NG": {
    "name": {
      "en": "Nigeria",
      "fr": "Nigéria"
    },
    "continent": "Africa",
    "subregion": "Western Africa",
    "capital": "Abuja",
    "capitalCoords": null,
    "center": [
      10,
      8
    ],
    "flag": "https://flagcdn.com/ng.svg",
    "difficulty": 1
  },
  "NI": {
    "name": {
      "en": "Nicaragua",
      "fr": "Nicaragua"
    },
    "continent": "Americas",
    "subregion": "Central America",
    "capital": "Managua",
    "capitalCoords": null,
    "center": [
      13,
      -85
    ],
    "flag": "https://flagcdn.com/ni.svg",
    "difficulty": 2
  },
  "NU": {
    "name": {
      "en": "Niue",
      "fr": "Niue"
    },
    "continent": "Oceania",
    "subregion": "Polynesia",
    "capital": "Alofi",
    "capitalCoords": null,
    "center": [
      -19.03333333,
      -169.86666666
    ],
    "flag": "https://flagcdn.com/nu.svg",
    "difficulty": 3
  },
  "NL": {
    "name": {
      "en": "Netherlands",
      "fr": "Pays-Bas"
    },
    "continent": "Europe",
    "subregion": "Western Europe",
    "capital": "Amsterdam",
    "capitalCoords": null,
    "center": [
      52.5,
      5.75
    ],
    "flag": "https://flagcdn.com/nl.svg",
    "difficulty": 1
  },
  "NO": {
    "name": {
      "en": "Norway",
      "fr": "Norvège"
    },
    "continent": "Europe",
    "subregion": "Northern Europe",
    "capital": "Oslo",
    "capitalCoords": null,
    "center": [
      62,
      10
    ],
    "flag": "https://flagcdn.com/no.svg",
    "difficulty": 1
  },
  "NP": {
    "name": {
      "en": "Nepal",
      "fr": "Népal"
    },
    "continent": "Asia",
    "subregion": "Southern Asia",
    "capital": "Kathmandu",
    "capitalCoords": null,
    "center": [
      28,
      84
    ],
    "flag": "https://flagcdn.com/np.svg",
    "difficulty": 2
  },
  "NR": {
    "name": {
      "en": "Nauru",
      "fr": "Nauru"
    },
    "continent": "Oceania",
    "subregion": "Micronesia",
    "capital": "Yaren",
    "capitalCoords": null,
    "center": [
      -0.53333333,
      166.91666666
    ],
    "flag": "https://flagcdn.com/nr.svg",
    "difficulty": 3
  },
  "NZ": {
    "name": {
      "en": "New Zealand",
      "fr": "Nouvelle-Zélande"
    },
    "continent": "Oceania",
    "subregion": "Australia and New Zealand",
    "capital": "Wellington",
    "capitalCoords": null,
    "center": [
      -41,
      174
    ],
    "flag": "https://flagcdn.com/nz.svg",
    "difficulty": 1
  },
  "OM": {
    "name": {
      "en": "Oman",
      "fr": "Oman"
    },
    "continent": "Asia",
    "subregion": "Western Asia",
    "capital": "Muscat",
    "capitalCoords": null,
    "center": [
      21,
      57
    ],
    "flag": "https://flagcdn.com/om.svg",
    "difficulty": 2
  },
  "PK": {
    "name": {
      "en": "Pakistan",
      "fr": "Pakistan"
    },
    "continent": "Asia",
    "subregion": "Southern Asia",
    "capital": "Islamabad",
    "capitalCoords": null,
    "center": [
      30,
      70
    ],
    "flag": "https://flagcdn.com/pk.svg",
    "difficulty": 1
  },
  "PA": {
    "name": {
      "en": "Panama",
      "fr": "Panama"
    },
    "continent": "Americas",
    "subregion": "Central America",
    "capital": "Panama City",
    "capitalCoords": null,
    "center": [
      9,
      -80
    ],
    "flag": "https://flagcdn.com/pa.svg",
    "difficulty": 2
  },
  "PN": {
    "name": {
      "en": "Pitcairn Islands",
      "fr": "Îles Pitcairn"
    },
    "continent": "Oceania",
    "subregion": "Polynesia",
    "capital": "Adamstown",
    "capitalCoords": null,
    "center": [
      -25.06666666,
      -130.1
    ],
    "flag": "https://flagcdn.com/pn.svg",
    "difficulty": 3
  },
  "PE": {
    "name": {
      "en": "Peru",
      "fr": "Pérou"
    },
    "continent": "Americas",
    "subregion": "South America",
    "capital": "Lima",
    "capitalCoords": null,
    "center": [
      -10,
      -76
    ],
    "flag": "https://flagcdn.com/pe.svg",
    "difficulty": 1
  },
  "PH": {
    "name": {
      "en": "Philippines",
      "fr": "Philippines"
    },
    "continent": "Asia",
    "subregion": "South-Eastern Asia",
    "capital": "Manila",
    "capitalCoords": null,
    "center": [
      13,
      122
    ],
    "flag": "https://flagcdn.com/ph.svg",
    "difficulty": 1
  },
  "PW": {
    "name": {
      "en": "Palau",
      "fr": "Palaos (Palau)"
    },
    "continent": "Oceania",
    "subregion": "Micronesia",
    "capital": "Ngerulmud",
    "capitalCoords": null,
    "center": [
      7.5,
      134.5
    ],
    "flag": "https://flagcdn.com/pw.svg",
    "difficulty": 3
  },
  "PG": {
    "name": {
      "en": "Papua New Guinea",
      "fr": "Papouasie-Nouvelle-Guinée"
    },
    "continent": "Oceania",
    "subregion": "Melanesia",
    "capital": "Port Moresby",
    "capitalCoords": null,
    "center": [
      -6,
      147
    ],
    "flag": "https://flagcdn.com/pg.svg",
    "difficulty": 3
  },
  "PL": {
    "name": {
      "en": "Poland",
      "fr": "Pologne"
    },
    "continent": "Europe",
    "subregion": "Central Europe",
    "capital": "Warsaw",
    "capitalCoords": null,
    "center": [
      52,
      20
    ],
    "flag": "https://flagcdn.com/pl.svg",
    "difficulty": 1
  },
  "PR": {
    "name": {
      "en": "Puerto Rico",
      "fr": "Porto Rico"
    },
    "continent": "Americas",
    "subregion": "Caribbean",
    "capital": "San Juan",
    "capitalCoords": null,
    "center": [
      18.25,
      -66.5
    ],
    "flag": "https://flagcdn.com/pr.svg",
    "difficulty": 2
  },
  "KP": {
    "name": {
      "en": "North Korea",
      "fr": "Corée du Nord"
    },
    "continent": "Asia",
    "subregion": "Eastern Asia",
    "capital": "Pyongyang",
    "capitalCoords": null,
    "center": [
      40,
      127
    ],
    "flag": "https://flagcdn.com/kp.svg",
    "difficulty": 3
  },
  "PT": {
    "name": {
      "en": "Portugal",
      "fr": "Portugal"
    },
    "continent": "Europe",
    "subregion": "Southern Europe",
    "capital": "Lisbon",
    "capitalCoords": null,
    "center": [
      39.5,
      -8
    ],
    "flag": "https://flagcdn.com/pt.svg",
    "difficulty": 1
  },
  "PY": {
    "name": {
      "en": "Paraguay",
      "fr": "Paraguay"
    },
    "continent": "Americas",
    "subregion": "South America",
    "capital": "Asunción",
    "capitalCoords": null,
    "center": [
      -23,
      -58
    ],
    "flag": "https://flagcdn.com/py.svg",
    "difficulty": 2
  },
  "PS": {
    "name": {
      "en": "Palestine",
      "fr": "Palestine"
    },
    "continent": "Asia",
    "subregion": "Western Asia",
    "capital": "Ramallah",
    "capitalCoords": null,
    "center": [
      31.9,
      35.2
    ],
    "flag": "https://flagcdn.com/ps.svg",
    "difficulty": 3
  },
  "PF": {
    "name": {
      "en": "French Polynesia",
      "fr": "Polynésie française"
    },
    "continent": "Oceania",
    "subregion": "Polynesia",
    "capital": "Papeetē",
    "capitalCoords": null,
    "center": [
      -15,
      -140
    ],
    "flag": "https://flagcdn.com/pf.svg",
    "difficulty": 3
  },
  "QA": {
    "name": {
      "en": "Qatar",
      "fr": "Qatar"
    },
    "continent": "Asia",
    "subregion": "Western Asia",
    "capital": "Doha",
    "capitalCoords": null,
    "center": [
      25.5,
      51.25
    ],
    "flag": "https://flagcdn.com/qa.svg",
    "difficulty": 2
  },
  "RE": {
    "name": {
      "en": "Réunion",
      "fr": "Réunion"
    },
    "continent": "Africa",
    "subregion": "Eastern Africa",
    "capital": "Saint-Denis",
    "capitalCoords": null,
    "center": [
      -21.15,
      55.5
    ],
    "flag": "https://flagcdn.com/re.svg",
    "difficulty": 3
  },
  "RO": {
    "name": {
      "en": "Romania",
      "fr": "Roumanie"
    },
    "continent": "Europe",
    "subregion": "Southeast Europe",
    "capital": "Bucharest",
    "capitalCoords": null,
    "center": [
      46,
      25
    ],
    "flag": "https://flagcdn.com/ro.svg",
    "difficulty": 1
  },
  "RU": {
    "name": {
      "en": "Russia",
      "fr": "Russie"
    },
    "continent": "Europe",
    "subregion": "Eastern Europe",
    "capital": "Moscow",
    "capitalCoords": null,
    "center": [
      60,
      100
    ],
    "flag": "https://flagcdn.com/ru.svg",
    "difficulty": 1
  },
  "RW": {
    "name": {
      "en": "Rwanda",
      "fr": "Rwanda"
    },
    "continent": "Africa",
    "subregion": "Eastern Africa",
    "capital": "Kigali",
    "capitalCoords": null,
    "center": [
      -2,
      30
    ],
    "flag": "https://flagcdn.com/rw.svg",
    "difficulty": 3
  },
  "SA": {
    "name": {
      "en": "Saudi Arabia",
      "fr": "Arabie Saoudite"
    },
    "continent": "Asia",
    "subregion": "Western Asia",
    "capital": "Riyadh",
    "capitalCoords": null,
    "center": [
      25,
      45
    ],
    "flag": "https://flagcdn.com/sa.svg",
    "difficulty": 1
  },
  "SD": {
    "name": {
      "en": "Sudan",
      "fr": "Soudan"
    },
    "continent": "Africa",
    "subregion": "Northern Africa",
    "capital": "Khartoum",
    "capitalCoords": null,
    "center": [
      15,
      30
    ],
    "flag": "https://flagcdn.com/sd.svg",
    "difficulty": 2
  },
  "SN": {
    "name": {
      "en": "Senegal",
      "fr": "Sénégal"
    },
    "continent": "Africa",
    "subregion": "Western Africa",
    "capital": "Dakar",
    "capitalCoords": null,
    "center": [
      14,
      -14
    ],
    "flag": "https://flagcdn.com/sn.svg",
    "difficulty": 2
  },
  "SG": {
    "name": {
      "en": "Singapore",
      "fr": "Singapour"
    },
    "continent": "Asia",
    "subregion": "South-Eastern Asia",
    "capital": "Singapore",
    "capitalCoords": null,
    "center": [
      1.36666666,
      103.8
    ],
    "flag": "https://flagcdn.com/sg.svg",
    "difficulty": 1
  },
  "SJ": {
    "name": {
      "en": "Svalbard and Jan Mayen",
      "fr": "Svalbard et Jan Mayen"
    },
    "continent": "Europe",
    "subregion": "Northern Europe",
    "capital": "Longyearbyen",
    "capitalCoords": null,
    "center": [
      78,
      20
    ],
    "flag": "https://flagcdn.com/sj.svg",
    "difficulty": 3
  },
  "SB": {
    "name": {
      "en": "Solomon Islands",
      "fr": "Îles Salomon"
    },
    "continent": "Oceania",
    "subregion": "Melanesia",
    "capital": "Honiara",
    "capitalCoords": null,
    "center": [
      -8,
      159
    ],
    "flag": "https://flagcdn.com/sb.svg",
    "difficulty": 3
  },
  "SL": {
    "name": {
      "en": "Sierra Leone",
      "fr": "Sierra Leone"
    },
    "continent": "Africa",
    "subregion": "Western Africa",
    "capital": "Freetown",
    "capitalCoords": null,
    "center": [
      8.5,
      -11.5
    ],
    "flag": "https://flagcdn.com/sl.svg",
    "difficulty": 3
  },
  "SV": {
    "name": {
      "en": "El Salvador",
      "fr": "Salvador"
    },
    "continent": "Americas",
    "subregion": "Central America",
    "capital": "San Salvador",
    "capitalCoords": null,
    "center": [
      13.83333333,
      -88.91666666
    ],
    "flag": "https://flagcdn.com/sv.svg",
    "difficulty": 2
  },
  "SM": {
    "name": {
      "en": "San Marino",
      "fr": "Saint-Marin"
    },
    "continent": "Europe",
    "subregion": "Southern Europe",
    "capital": "City of San Marino",
    "capitalCoords": null,
    "center": [
      43.76666666,
      12.41666666
    ],
    "flag": "https://flagcdn.com/sm.svg",
    "difficulty": 3
  },
  "SO": {
    "name": {
      "en": "Somalia",
      "fr": "Somalie"
    },
    "continent": "Africa",
    "subregion": "Eastern Africa",
    "capital": "Mogadishu",
    "capitalCoords": null,
    "center": [
      10,
      49
    ],
    "flag": "https://flagcdn.com/so.svg",
    "difficulty": 3
  },
  "PM": {
    "name": {
      "en": "Saint Pierre and Miquelon",
      "fr": "Saint-Pierre-et-Miquelon"
    },
    "continent": "Americas",
    "subregion": "North America",
    "capital": "Saint-Pierre",
    "capitalCoords": null,
    "center": [
      46.83333333,
      -56.33333333
    ],
    "flag": "https://flagcdn.com/pm.svg",
    "difficulty": 3
  },
  "RS": {
    "name": {
      "en": "Serbia",
      "fr": "Serbie"
    },
    "continent": "Europe",
    "subregion": "Southeast Europe",
    "capital": "Belgrade",
    "capitalCoords": null,
    "center": [
      44,
      21
    ],
    "flag": "https://flagcdn.com/rs.svg",
    "difficulty": 2
  },
  "SS": {
    "name": {
      "en": "South Sudan",
      "fr": "Soudan du Sud"
    },
    "continent": "Africa",
    "subregion": "Middle Africa",
    "capital": "Juba",
    "capitalCoords": null,
    "center": [
      7,
      30
    ],
    "flag": "https://flagcdn.com/ss.svg",
    "difficulty": 3
  },
  "ST": {
    "name": {
      "en": "São Tomé and Príncipe",
      "fr": "São Tomé et Príncipe"
    },
    "continent": "Africa",
    "subregion": "Middle Africa",
    "capital": "São Tomé",
    "capitalCoords": null,
    "center": [
      1,
      7
    ],
    "flag": "https://flagcdn.com/st.svg",
    "difficulty": 3
  },
  "SR": {
    "name": {
      "en": "Suriname",
      "fr": "Surinam"
    },
    "continent": "Americas",
    "subregion": "South America",
    "capital": "Paramaribo",
    "capitalCoords": null,
    "center": [
      4,
      -56
    ],
    "flag": "https://flagcdn.com/sr.svg",
    "difficulty": 3
  },
  "SK": {
    "name": {
      "en": "Slovakia",
      "fr": "Slovaquie"
    },
    "continent": "Europe",
    "subregion": "Central Europe",
    "capital": "Bratislava",
    "capitalCoords": null,
    "center": [
      48.66666666,
      19.5
    ],
    "flag": "https://flagcdn.com/sk.svg",
    "difficulty": 2
  },
  "SI": {
    "name": {
      "en": "Slovenia",
      "fr": "Slovénie"
    },
    "continent": "Europe",
    "subregion": "Central Europe",
    "capital": "Ljubljana",
    "capitalCoords": null,
    "center": [
      46.11666666,
      14.81666666
    ],
    "flag": "https://flagcdn.com/si.svg",
    "difficulty": 2
  },
  "SE": {
    "name": {
      "en": "Sweden",
      "fr": "Suède"
    },
    "continent": "Europe",
    "subregion": "Northern Europe",
    "capital": "Stockholm",
    "capitalCoords": null,
    "center": [
      62,
      15
    ],
    "flag": "https://flagcdn.com/se.svg",
    "difficulty": 1
  },
  "SZ": {
    "name": {
      "en": "Eswatini",
      "fr": "Eswatini"
    },
    "continent": "Africa",
    "subregion": "Southern Africa",
    "capital": "Lobamba",
    "capitalCoords": null,
    "center": [
      -26.5,
      31.5
    ],
    "flag": "https://flagcdn.com/sz.svg",
    "difficulty": 3
  },
  "SX": {
    "name": {
      "en": "Sint Maarten",
      "fr": "Saint-Martin"
    },
    "continent": "Americas",
    "subregion": "Caribbean",
    "capital": "Philipsburg",
    "capitalCoords": null,
    "center": [
      18.033333,
      -63.05
    ],
    "flag": "https://flagcdn.com/sx.svg",
    "difficulty": 3
  },
  "SC": {
    "name": {
      "en": "Seychelles",
      "fr": "Seychelles"
    },
    "continent": "Africa",
    "subregion": "Eastern Africa",
    "capital": "Victoria",
    "capitalCoords": null,
    "center": [
      -4.58333333,
      55.66666666
    ],
    "flag": "https://flagcdn.com/sc.svg",
    "difficulty": 3
  },
  "SY": {
    "name": {
      "en": "Syria",
      "fr": "Syrie"
    },
    "continent": "Asia",
    "subregion": "Western Asia",
    "capital": "Damascus",
    "capitalCoords": null,
    "center": [
      35,
      38
    ],
    "flag": "https://flagcdn.com/sy.svg",
    "difficulty": 2
  },
  "TC": {
    "name": {
      "en": "Turks and Caicos Islands",
      "fr": "Îles Turques-et-Caïques"
    },
    "continent": "Americas",
    "subregion": "Caribbean",
    "capital": "Cockburn Town",
    "capitalCoords": null,
    "center": [
      21.75,
      -71.58333333
    ],
    "flag": "https://flagcdn.com/tc.svg",
    "difficulty": 3
  },
  "TD": {
    "name": {
      "en": "Chad",
      "fr": "Tchad"
    },
    "continent": "Africa",
    "subregion": "Middle Africa",
    "capital": "N'Djamena",
    "capitalCoords": null,
    "center": [
      15,
      19
    ],
    "flag": "https://flagcdn.com/td.svg",
    "difficulty": 3
  },
  "TG": {
    "name": {
      "en": "Togo",
      "fr": "Togo"
    },
    "continent": "Africa",
    "subregion": "Western Africa",
    "capital": "Lomé",
    "capitalCoords": null,
    "center": [
      8,
      1.16666666
    ],
    "flag": "https://flagcdn.com/tg.svg",
    "difficulty": 3
  },
  "TH": {
    "name": {
      "en": "Thailand",
      "fr": "Thaïlande"
    },
    "continent": "Asia",
    "subregion": "South-Eastern Asia",
    "capital": "Bangkok",
    "capitalCoords": null,
    "center": [
      15,
      100
    ],
    "flag": "https://flagcdn.com/th.svg",
    "difficulty": 1
  },
  "TJ": {
    "name": {
      "en": "Tajikistan",
      "fr": "Tadjikistan"
    },
    "continent": "Asia",
    "subregion": "Central Asia",
    "capital": "Dushanbe",
    "capitalCoords": null,
    "center": [
      39,
      71
    ],
    "flag": "https://flagcdn.com/tj.svg",
    "difficulty": 2
  },
  "TK": {
    "name": {
      "en": "Tokelau",
      "fr": "Tokelau"
    },
    "continent": "Oceania",
    "subregion": "Polynesia",
    "capital": "Fakaofo",
    "capitalCoords": null,
    "center": [
      -9,
      -172
    ],
    "flag": "https://flagcdn.com/tk.svg",
    "difficulty": 3
  },
  "TM": {
    "name": {
      "en": "Turkmenistan",
      "fr": "Turkménistan"
    },
    "continent": "Asia",
    "subregion": "Central Asia",
    "capital": "Ashgabat",
    "capitalCoords": null,
    "center": [
      40,
      60
    ],
    "flag": "https://flagcdn.com/tm.svg",
    "difficulty": 2
  },
  "TL": {
    "name": {
      "en": "Timor-Leste",
      "fr": "Timor oriental"
    },
    "continent": "Asia",
    "subregion": "South-Eastern Asia",
    "capital": "Dili",
    "capitalCoords": null,
    "center": [
      -8.83333333,
      125.91666666
    ],
    "flag": "https://flagcdn.com/tl.svg",
    "difficulty": 3
  },
  "TO": {
    "name": {
      "en": "Tonga",
      "fr": "Tonga"
    },
    "continent": "Oceania",
    "subregion": "Polynesia",
    "capital": "Nuku'alofa",
    "capitalCoords": null,
    "center": [
      -20,
      -175
    ],
    "flag": "https://flagcdn.com/to.svg",
    "difficulty": 3
  },
  "TT": {
    "name": {
      "en": "Trinidad and Tobago",
      "fr": "Trinité-et-Tobago"
    },
    "continent": "Americas",
    "subregion": "Caribbean",
    "capital": "Port of Spain",
    "capitalCoords": null,
    "center": [
      11,
      -61
    ],
    "flag": "https://flagcdn.com/tt.svg",
    "difficulty": 2
  },
  "TN": {
    "name": {
      "en": "Tunisia",
      "fr": "Tunisie"
    },
    "continent": "Africa",
    "subregion": "Northern Africa",
    "capital": "Tunis",
    "capitalCoords": null,
    "center": [
      34,
      9
    ],
    "flag": "https://flagcdn.com/tn.svg",
    "difficulty": 2
  },
  "TR": {
    "name": {
      "en": "Türkiye",
      "fr": "Turquie"
    },
    "continent": "Asia",
    "subregion": "Western Asia",
    "capital": "Ankara",
    "capitalCoords": null,
    "center": [
      39,
      35
    ],
    "flag": "https://flagcdn.com/tr.svg",
    "difficulty": 1
  },
  "TV": {
    "name": {
      "en": "Tuvalu",
      "fr": "Tuvalu"
    },
    "continent": "Oceania",
    "subregion": "Polynesia",
    "capital": "Funafuti",
    "capitalCoords": null,
    "center": [
      -8,
      178
    ],
    "flag": "https://flagcdn.com/tv.svg",
    "difficulty": 3
  },
  "TW": {
    "name": {
      "en": "Taiwan",
      "fr": "Taïwan"
    },
    "continent": "Asia",
    "subregion": "Eastern Asia",
    "capital": "Taipei",
    "capitalCoords": null,
    "center": [
      23.5,
      121
    ],
    "flag": "https://flagcdn.com/tw.svg",
    "difficulty": 2
  },
  "TZ": {
    "name": {
      "en": "Tanzania",
      "fr": "Tanzanie"
    },
    "continent": "Africa",
    "subregion": "Eastern Africa",
    "capital": "Dodoma",
    "capitalCoords": null,
    "center": [
      -6,
      35
    ],
    "flag": "https://flagcdn.com/tz.svg",
    "difficulty": 2
  },
  "UG": {
    "name": {
      "en": "Uganda",
      "fr": "Ouganda"
    },
    "continent": "Africa",
    "subregion": "Eastern Africa",
    "capital": "Kampala",
    "capitalCoords": null,
    "center": [
      1,
      32
    ],
    "flag": "https://flagcdn.com/ug.svg",
    "difficulty": 2
  },
  "UA": {
    "name": {
      "en": "Ukraine",
      "fr": "Ukraine"
    },
    "continent": "Europe",
    "subregion": "Eastern Europe",
    "capital": "Kyiv",
    "capitalCoords": null,
    "center": [
      49,
      32
    ],
    "flag": "https://flagcdn.com/ua.svg",
    "difficulty": 1
  },
  "UY": {
    "name": {
      "en": "Uruguay",
      "fr": "Uruguay"
    },
    "continent": "Americas",
    "subregion": "South America",
    "capital": "Montevideo",
    "capitalCoords": null,
    "center": [
      -33,
      -56
    ],
    "flag": "https://flagcdn.com/uy.svg",
    "difficulty": 2
  },
  "US": {
    "name": {
      "en": "United States",
      "fr": "États-Unis"
    },
    "continent": "Americas",
    "subregion": "North America",
    "capital": "Washington D.C.",
    "capitalCoords": null,
    "center": [
      38,
      -97
    ],
    "flag": "https://flagcdn.com/us.svg",
    "difficulty": 1
  },
  "UZ": {
    "name": {
      "en": "Uzbekistan",
      "fr": "Ouzbékistan"
    },
    "continent": "Asia",
    "subregion": "Central Asia",
    "capital": "Tashkent",
    "capitalCoords": null,
    "center": [
      41,
      64
    ],
    "flag": "https://flagcdn.com/uz.svg",
    "difficulty": 2
  },
  "VA": {
    "name": {
      "en": "Vatican City",
      "fr": "Cité du Vatican"
    },
    "continent": "Europe",
    "subregion": "Southern Europe",
    "capital": "Vatican City",
    "capitalCoords": null,
    "center": [
      41.9,
      12.45
    ],
    "flag": "https://flagcdn.com/va.svg",
    "difficulty": 3
  },
  "VC": {
    "name": {
      "en": "Saint Vincent and the Grenadines",
      "fr": "Saint-Vincent-et-les-Grenadines"
    },
    "continent": "Americas",
    "subregion": "Caribbean",
    "capital": "Kingstown",
    "capitalCoords": null,
    "center": [
      13.25,
      -61.2
    ],
    "flag": "https://flagcdn.com/vc.svg",
    "difficulty": 3
  },
  "VE": {
    "name": {
      "en": "Venezuela",
      "fr": "Venezuela"
    },
    "continent": "Americas",
    "subregion": "South America",
    "capital": "Caracas",
    "capitalCoords": null,
    "center": [
      8,
      -66
    ],
    "flag": "https://flagcdn.com/ve.svg",
    "difficulty": 2
  },
  "VG": {
    "name": {
      "en": "British Virgin Islands",
      "fr": "Îles Vierges britanniques"
    },
    "continent": "Americas",
    "subregion": "Caribbean",
    "capital": "Road Town",
    "capitalCoords": null,
    "center": [
      18.431383,
      -64.62305
    ],
    "flag": "https://flagcdn.com/vg.svg",
    "difficulty": 3
  },
  "VI": {
    "name": {
      "en": "United States Virgin Islands",
      "fr": "Îles Vierges des États-Unis"
    },
    "continent": "Americas",
    "subregion": "Caribbean",
    "capital": "Charlotte Amalie",
    "capitalCoords": null,
    "center": [
      18.35,
      -64.933333
    ],
    "flag": "https://flagcdn.com/vi.svg",
    "difficulty": 3
  },
  "VN": {
    "name": {
      "en": "Vietnam",
      "fr": "Viêt Nam"
    },
    "continent": "Asia",
    "subregion": "South-Eastern Asia",
    "capital": "Hanoi",
    "capitalCoords": null,
    "center": [
      16.16666666,
      107.83333333
    ],
    "flag": "https://flagcdn.com/vn.svg",
    "difficulty": 1
  },
  "VU": {
    "name": {
      "en": "Vanuatu",
      "fr": "Vanuatu"
    },
    "continent": "Oceania",
    "subregion": "Melanesia",
    "capital": "Port Vila",
    "capitalCoords": null,
    "center": [
      -16,
      167
    ],
    "flag": "https://flagcdn.com/vu.svg",
    "difficulty": 3
  },
  "WF": {
    "name": {
      "en": "Wallis and Futuna",
      "fr": "Wallis-et-Futuna"
    },
    "continent": "Oceania",
    "subregion": "Polynesia",
    "capital": "Mata-Utu",
    "capitalCoords": null,
    "center": [
      -13.3,
      -176.2
    ],
    "flag": "https://flagcdn.com/wf.svg",
    "difficulty": 3
  },
  "WS": {
    "name": {
      "en": "Samoa",
      "fr": "Samoa"
    },
    "continent": "Oceania",
    "subregion": "Polynesia",
    "capital": "Apia",
    "capitalCoords": null,
    "center": [
      -13.58333333,
      -172.33333333
    ],
    "flag": "https://flagcdn.com/ws.svg",
    "difficulty": 3
  },
  "YE": {
    "name": {
      "en": "Yemen",
      "fr": "Yémen"
    },
    "continent": "Asia",
    "subregion": "Western Asia",
    "capital": "Sana'a",
    "capitalCoords": null,
    "center": [
      15,
      48
    ],
    "flag": "https://flagcdn.com/ye.svg",
    "difficulty": 2
  },
  "ZA": {
    "name": {
      "en": "South Africa",
      "fr": "Afrique du Sud"
    },
    "continent": "Africa",
    "subregion": "Southern Africa",
    "capital": "Pretoria",
    "capitalCoords": null,
    "center": [
      -29,
      24
    ],
    "flag": "https://flagcdn.com/za.svg",
    "difficulty": 1
  },
  "ZM": {
    "name": {
      "en": "Zambia",
      "fr": "Zambie"
    },
    "continent": "Africa",
    "subregion": "Eastern Africa",
    "capital": "Lusaka",
    "capitalCoords": null,
    "center": [
      -15,
      30
    ],
    "flag": "https://flagcdn.com/zm.svg",
    "difficulty": 2
  },
  "ZW": {
    "name": {
      "en": "Zimbabwe",
      "fr": "Zimbabwe"
    },
    "continent": "Africa",
    "subregion": "Eastern Africa",
    "capital": "Harare",
    "capitalCoords": null,
    "center": [
      -20,
      30
    ],
    "flag": "https://flagcdn.com/zw.svg",
    "difficulty": 2
  }
}